Comment,Designator,Footprint,LCSC
1.5R,lcd:R1,Resistor_SMD:R_0603_1608Metric,C22769
100R,"camera:R1,camera:R2,camera:R3,debug_boot:R3",Resistor_SMD:R_0603_1608Metric,C22775
100k,"bringup_en:R1,bringup_en:R2,bringup_en:R3,bringup_en:R4,bringup_en:R5,bringup_en:R6,bringup_en_modules:R1,bringup_en_modules:R10,bringup_en_modules:R11,bringup_en_modules:R12,bringup_en_modules:R13,bringup_en_modules:R14,bringup_en_modules:R15,bringup_en_modules:R16,bringup_en_modules:R17,bringup_en_modules:R18,bringup_en_modules:R19,bringup_en_modules:R2,bringup_en_modules:R20,bringup_en_modules:R21,bringup_en_modules:R3,bringup_en_modules:R4,bringup_en_modules:R5,bringup_en_modules:R6,bringup_en_modules:R7,bringup_en_modules:R8,bringup_en_modules:R9,bringup_rails:R1,bringup_rails:R2,bringup_rails:R3,bringup_rails:R4,pd_input:R3,power:R4,power:R8,usbc_otg:R3",Resistor_SMD:R_0603_1608Metric,C25803
100n,"microsd:C1,microsd:C4,uart_bridge:C1,uart_bridge:C3,uart_bridge:C4,usb_pd:C1,usb_pd:C3,usbc_otg:C1",,C14663
100n,"hdmi_rx:C1,power_mon:C1,power_mon:C2",Capacitor_SMD:C_0603_1608Metric,C14663
100n,"bringup_en:C1,bringup_en:C2,bringup_en:C3,bringup_en_modules:C1,bringup_en_modules:C10,bringup_en_modules:C11,bringup_en_modules:C2,bringup_en_modules:C3,bringup_en_modules:C4,bringup_en_modules:C5,bringup_en_modules:C6,bringup_en_modules:C7,bringup_en_modules:C8,bringup_en_modules:C9,bringup_modules:C1,bringup_modules:C10,bringup_modules:C11,bringup_modules:C12,bringup_modules:C13,bringup_modules:C14,bringup_modules:C15,bringup_modules:C16,bringup_modules:C17,bringup_modules:C18,bringup_modules:C19,bringup_modules:C2,bringup_modules:C20,bringup_modules:C3,bringup_modules:C4,bringup_modules:C5,bringup_modules:C6,bringup_modules:C7,bringup_modules:C8,bringup_modules:C9,bringup_rails:C1,bringup_rails:C2,bringup_rails:C3,bringup_rails:C4,camera:C1,fmc:C2,fmc:C5,hdmi_tx:C1,hdmi_tx:C2,hdmi_tx:C3,lcd:C3,microsd:C2,pd_input:C1,pmod:C1,pmod:C3,power:C1,power:C14,power:C17,power:C20,power:C4,power:C7,power:C9,user_io:C1",Capacitor_SMD:C_0603_1608Metric,C1591
10k,"bringup_rails:R10,bringup_rails:R7,bringup_rails:R8,bringup_rails:R9,debug_boot:R4,debug_boot:R5,debug_boot:R6,fmc:R1,fmc:R2,fmc:R3,fmc:R4,fmc:R5,hdmi_rx:R3,hdmi_rx:R5,hdmi_tx:R1,hdmi_tx:R2,microsd:R1,microsd:R2,microsd:R3,microsd:R4,microsd:R5,microsd:R6,power:R12,power:R15,power:R2,power:R7,power_mon:R1,user_io:R5,user_io:R6,user_io:R7,user_io:R8",Resistor_SMD:R_0603_1608Metric,C25804
10mR,"power_mon:RS1,power_mon:RS2,power_mon:RS3",RLM12FTCMR010:RLM12FTCMR010,C188070
10u,"uart_bridge:C2,usb_pd:C2",,C15850
10u,"camera:C2,fmc:C1,fmc:C4,lcd:C1,pmod:C2,pmod:C4,power_mon:C3",Capacitor_SMD:C_0805_2012Metric,C15850
10u,"power:C15,power:C16,power:C2,power:C3",Capacitor_SMD:C_1206_3216Metric,C13585
10u,pd_input:C2,Capacitor_SMD:C_1210_3225Metric,C596319
10uH,lcd:L1,SWPA4030S100MT:SWPA4030S100MT,C38117
10uH,"power:L1,power:L2,power:L3",SWPA8040S100MT:SWPA8040S100MT,C37429
13k,"bringup_modules:R1,bringup_modules:R13,bringup_modules:R15,bringup_modules:R17,bringup_modules:R3,bringup_modules:R7",Resistor_SMD:R_0603_1608Metric,C22797
15k,hdmi_rx:R4,Resistor_SMD:R_0603_1608Metric,C22809
1k,uart_bridge:R1,,C21190
1k,"bringup_modules:R12,bringup_modules:R18,bringup_modules:R20,hdmi_rx:R1,power:R16,power:R3,usbc_otg:R4,user_io:R1,user_io:R2,user_io:R3,user_io:R4",Resistor_SMD:R_0603_1608Metric,C21190
1n,"ethernet:C1,ethernet:C2,ethernet:C3,ethernet:C4,ethernet:C5",Capacitor_SMD:C_1206_3225Metric,C9196
1u,"fmc:C3,hdmi_tx:C4,power:C12,power:C13",Capacitor_SMD:C_0603_1608Metric,C15849
2.2u,lcd:C2,Capacitor_SMD:C_0805_2012Metric,C125847
200R,"pmod:R1,pmod:R10,pmod:R11,pmod:R12,pmod:R13,pmod:R14,pmod:R15,pmod:R16,pmod:R2,pmod:R3,pmod:R4,pmod:R5,pmod:R6,pmod:R7,pmod:R8,pmod:R9",Resistor_SMD:R_0603_1608Metric,C8218
200p,"usb_pd:C4,usb_pd:C5",,C113796
20mR,power_mon:RS4,RLM12FTCMR020:RLM12FTCMR020,C393094
22k,power:R5,Resistor_SMD:R_0603_1608Metric,C31850
22k1,uart_bridge:R2,,C25961
22u,"microsd:C3,power:C10,power:C11,power:C18,power:C19,power:C5,power:C6,power:C8,usbc_otg:C2",Capacitor_SMD:C_0805_2012Metric,C45783
27k,hdmi_rx:R2,Resistor_SMD:R_0603_1608Metric,C22967
330R,"bringup_modules:R10,bringup_modules:R14,bringup_modules:R16,bringup_modules:R2,bringup_modules:R4,bringup_modules:R6,bringup_modules:R8,power:R6,power:R9",Resistor_SMD:R_0603_1608Metric,C23138
47k5,uart_bridge:R3,,C23061
47n,pd_input:C3,Capacitor_SMD:C_0603_1608Metric,C1622
4k7,"bringup_rails:R5,bringup_rails:R6,camera:R4,camera:R5,debug_boot:R1,debug_boot:R2",Resistor_SMD:R_0603_1608Metric,C23162
5.1k,pd_input:R5,Resistor_SMD:R_0603_1608Metric,C23186
5.49k,pd_input:R4,Resistor_SMD:R_0603_1608Metric,C188263
56k,"usbc_otg:R1,usbc_otg:R2",Resistor_SMD:R_0603_1608Metric,C23206
6.8k,"bringup_modules:R11,bringup_modules:R19,bringup_modules:R5,bringup_modules:R9",Resistor_SMD:R_0603_1608Metric,C23212
73.2k,"power:R1,power:R14",Resistor_SMD:R_0603_1608Metric,C14890
75R,"ethernet:R1,ethernet:R2,ethernet:R3,ethernet:R4",Resistor_SMD:R_0603_1608Metric,C4275
878311420,debug_boot:J1,878311420:878311420,C240854
AFC07-S40FCA-00,lcd:J1,AFC07-S40FCA-00:AFC07-S40FCA-00,C262572
AO3400A,power:Q1,Package_TO_SOT_SMD:SOT-23,C20917
AP2112K-1.8,power:U3,Package_TO_SOT_SMD:SOT-23-5,C176944
ASP-134603-01,fmc:J1,ASP-134603-01:ASP-134603-01,C2836665
CP2102N-A02,uart_bridge:U1,Package_DFN_QFN:QFN-24-1EP_4x4mm_P0.5mm_EP2.6x2.6mm,C969151
DF40C-100DS-0.4V(51),"som_j1:J1,som_j2:J2,som_j3:J3",DF40C-100DS-0.4V_51:DF40C-100DS-0.4V_51,C597931
DIP-4,debug_boot:SW1,DSHP04TSGER:DSHP04TSGER,C3293144
DS1024-2x6R2,"pmod:J1,pmod:J2",DS1024-2x6R2:DS1024-2x6R2,C49284652
DSHP04TSGER,"bringup_rails:SW1,bringup_rails:SW6",DSHP04TSGER:DSHP04TSGER,C3293144
DSHP08TSGER,bringup_rails:SW2,DSHP08TSGER:DSHP08TSGER,C3293147
FUSB302BMPX,usb_pd:U1,Package_DFN_QFN:WQFN-14-1EP_2.5x2.5mm_P0.5mm_EP1.45x1.45mm,C132291
HDMI-019S,"hdmi_rx:J1,hdmi_tx:J1",HDMI-019S:HDMI-019S,C111617
HX5008NLT,ethernet:T1,Package_SO:SOIC-24W_7.5x15.4mm_P1.27mm,C962544
HX_JN1.27-2x5,debug_boot:J2,HX_JN1.27-2x5_TP_H4.9:HX_JN1.27-2x5_TP_H4.9,C42372555
INA3221AIRGVR,"power_mon:U1,power_mon:U2",INA3221AIRGVR:INA3221AIRGVR,C181255
M24C02-WMN6TP,hdmi_rx:U1,M24C02-WMN6TP:M24C02-WMN6TP,C7562
MMSZ5231B,power:D5,Diode_SMD:D_SOD-123,C85181
RESET,debug_boot:SW2,TS-1187A-B-A-B:TS-1187A-B-A-B,C318884
SFW15R-1STE1LF,camera:J1,SFW15R-1STE1LF:SFW15R-1STE1LF,C3168538
SMBJ22A,pd_input:D1,Diode_SMD:D_SMB,C10214
SN74LVC1G08,"bringup_en:U1,bringup_en:U2,bringup_en:U3,bringup_en_modules:U1,bringup_en_modules:U10,bringup_en_modules:U11,bringup_en_modules:U2,bringup_en_modules:U3,bringup_en_modules:U4,bringup_en_modules:U5,bringup_en_modules:U6,bringup_en_modules:U7,bringup_en_modules:U8,bringup_en_modules:U9",Package_TO_SOT_SMD:SOT-23-5,C7666
SS34,lcd:D1,Diode_SMD:D_SMA,C8678
SY6280AAC,"bringup_modules:U1,bringup_modules:U10,bringup_modules:U2,bringup_modules:U3,bringup_modules:U4,bringup_modules:U5,bringup_modules:U6,bringup_modules:U7,bringup_modules:U8,bringup_modules:U9",SY6280AAC:SY6280AAC,C55136
SY7201ABC,lcd:U1,SY7201ABC:SY7201ABC,C82173
TCA9535PWR,bringup_rails:U1,TCA9535PWR:TCA9535PWR,C130204
TF-01A,microsd:J1,TF-01A:TF-01A,C91145
TLV75725PDBVR,fmc:U1,Package_TO_SOT_SMD:SOT-23-5,C2872563
TPD12S016PWR,hdmi_tx:U1,TPD12S016PWR:TPD12S016PWR,C201665
TPD6E001RSER,microsd:U2,TPD6E001RSER:TPD6E001RSER,C1973318
TPS2051CDBVR,usbc_otg:U1,TPS2051CDBVR:TPS2051CDBVR,C129581
TPS26631PWPR,pd_input:U1,TPS26631PWPR:TPS26631PWPR,C2866319
TPS54302DDCR,"power:U1,power:U2,power:U4",Package_TO_SOT_SMD:TSOT-23-6,C311983
TS-1187A-B-A-B,"bringup_rails:SW3,bringup_rails:SW4,bringup_rails:SW5",TS-1187A-B-A-B:TS-1187A-B-A-B,C318884
TXS02612RTWR,microsd:U1,TXS02612RTWR:TXS02612RTWR,C140276
TYPE-C-31-M-12,"pd_input:J1,usbc_otg:J2",TYPE-C-31-M-12:TYPE-C-31-M-12,C165948
USBLC6-2SC6,usbc_otg:U2,USBLC6-2SC6:USBLC6-2SC6,C7519
USER,"user_io:SW1,user_io:SW2,user_io:SW3,user_io:SW4",TS-1187A-B-A-B:TS-1187A-B-A-B,C318884
blue,user_io:D3,LED_SMD:LED_0603_1608Metric,C2288
green,user_io:D2,LED_SMD:LED_0603_1608Metric,C12624
red,"bringup_modules:D1,bringup_modules:D10,bringup_modules:D2,bringup_modules:D3,bringup_modules:D4,bringup_modules:D5,bringup_modules:D6,bringup_modules:D7,bringup_modules:D8,bringup_modules:D9,power:D1,power:D2,power:D3,power:D4,user_io:D1",LED_SMD:LED_0603_1608Metric,C2286
white,user_io:D4,LED_SMD:LED_0603_1608Metric,C2290
