Ref,Val,Package,PosX,PosY,Rot,Side
"C1001","100n","C_0603_1608Metric",143.483000,-104.320300,0.000000,bottom
"C1002","100n","C_0603_1608Metric",138.403000,-106.780300,0.000000,bottom
"C1003","10u","C_0805_2012Metric",138.623000,-104.570300,0.000000,bottom
"C1004","100n","C_0603_1608Metric",142.213000,-106.780300,0.000000,bottom
"C1005","100n","C_0603_1608Metric",146.023000,-106.780300,0.000000,bottom
"C3001","100n","C_0603_1608Metric",160.200600,-64.028300,0.000000,bottom
"C3002","100n","C_0603_1608Metric",164.010600,-64.028300,0.000000,bottom
"C3003","100n","C_0603_1608Metric",167.820600,-64.028300,0.000000,bottom
"C4001","100n","C_0603_1608Metric",124.274400,-123.316600,0.000000,bottom
"C4002","100n","C_0603_1608Metric",128.084400,-123.316600,0.000000,bottom
"C4003","100n","C_0603_1608Metric",131.894400,-123.316600,0.000000,bottom
"C5001","100n","C_0603_1608Metric",86.820900,-136.114400,0.000000,bottom
"C5002","100n","C_0603_1608Metric",90.630900,-136.114400,0.000000,bottom
"C5003","100n","C_0603_1608Metric",94.440900,-136.114400,0.000000,bottom
"C5004","100n","C_0603_1608Metric",98.250900,-136.114400,0.000000,bottom
"C5005","100n","C_0603_1608Metric",86.820900,-138.074400,0.000000,bottom
"C5006","100n","C_0603_1608Metric",90.630900,-138.074400,0.000000,bottom
"C5007","100n","C_0603_1608Metric",94.440900,-138.074400,0.000000,bottom
"C5008","100n","C_0603_1608Metric",98.250900,-138.074400,0.000000,bottom
"C5009","100n","C_0603_1608Metric",86.820900,-140.034400,0.000000,bottom
"C5010","100n","C_0603_1608Metric",90.630900,-140.034400,0.000000,bottom
"C5011","100n","C_0603_1608Metric",94.440900,-140.034400,0.000000,bottom
"C6001","100n","C_0603_1608Metric",128.766900,-154.725100,0.000000,bottom
"C6002","100n","C_0603_1608Metric",132.576900,-154.725100,0.000000,bottom
"C6003","100n","C_0603_1608Metric",136.386900,-154.725100,0.000000,bottom
"C6004","100n","C_0603_1608Metric",140.196900,-154.725100,0.000000,bottom
"C6005","100n","C_0603_1608Metric",144.006900,-154.725100,0.000000,bottom
"C6006","100n","C_0603_1608Metric",128.766900,-156.685100,0.000000,bottom
"C6007","100n","C_0603_1608Metric",132.576900,-156.685100,0.000000,bottom
"C6008","100n","C_0603_1608Metric",136.386900,-156.685100,0.000000,bottom
"C6009","100n","C_0603_1608Metric",140.196900,-156.685100,0.000000,bottom
"C6010","100n","C_0603_1608Metric",144.006900,-156.685100,0.000000,bottom
"C6011","100n","C_0603_1608Metric",128.766900,-158.645100,0.000000,bottom
"C6012","100n","C_0603_1608Metric",132.576900,-158.645100,0.000000,bottom
"C6013","100n","C_0603_1608Metric",136.386900,-158.645100,0.000000,bottom
"C6014","100n","C_0603_1608Metric",140.196900,-158.645100,0.000000,bottom
"C6015","100n","C_0603_1608Metric",144.006900,-158.645100,0.000000,bottom
"C6016","100n","C_0603_1608Metric",128.766900,-160.605100,0.000000,bottom
"C6017","100n","C_0603_1608Metric",132.576900,-160.605100,0.000000,bottom
"C6018","100n","C_0603_1608Metric",136.386900,-160.605100,0.000000,bottom
"C6019","100n","C_0603_1608Metric",140.196900,-160.605100,0.000000,bottom
"C6020","100n","C_0603_1608Metric",144.006900,-160.605100,0.000000,bottom
"C7001","100n","C_0603_1608Metric",71.156400,-102.379800,0.000000,bottom
"C7002","100n","C_0603_1608Metric",74.966400,-102.379800,0.000000,bottom
"C7003","100n","C_0603_1608Metric",78.776400,-102.379800,0.000000,bottom
"C7004","100n","C_0603_1608Metric",82.586400,-102.379800,0.000000,bottom
"C12001","100n","C_0603_1608Metric",74.420000,-169.210000,0.000000,bottom
"C14005","10u","C_0805_2012Metric",37.810000,-165.400000,0.000000,bottom
"C15003","100n","C_0603_1608Metric",35.380000,-127.275000,0.000000,bottom
"C15004","10u","C_0805_2012Metric",30.520000,-127.525000,0.000000,bottom
"C19002","10u","C_0805_2012Metric",154.650000,-172.000000,0.000000,bottom
"C21003","10u","C_0805_2012Metric",117.820000,-72.240500,0.000000,bottom
"C29001","10u","C_0805_2012Metric",153.380000,-42.012100,0.000000,bottom
"C31001","10u","C_0805_2012Metric",167.350000,-42.012100,0.000000,bottom
"C33001","100n","C_0603_1608Metric",118.164300,-127.698000,0.000000,bottom
"C35001","22u","C_0805_2012Metric",96.800000,-104.750000,0.000000,bottom
"C35002","22u","C_0805_2012Metric",104.400000,-104.750000,0.000000,bottom
"C35003","100n","C_0603_1608Metric",112.000000,-104.750000,0.000000,bottom
"C35004","100n","C_0603_1608Metric",119.600000,-104.750000,0.000000,bottom
"C35005","100n","C_0603_1608Metric",127.200000,-104.750000,0.000000,bottom
"C35006","100n","C_0603_1608Metric",96.800000,-112.250000,0.000000,bottom
"C35007","22u","C_0805_2012Metric",104.400000,-112.250000,0.000000,bottom
"C35008","22u","C_0805_2012Metric",112.000000,-112.250000,0.000000,bottom
"C35009","100n","C_0603_1608Metric",119.600000,-112.250000,0.000000,bottom
"C35010","100n","C_0603_1608Metric",127.200000,-112.250000,0.000000,bottom
"C35011","100n","C_0603_1608Metric",96.800000,-119.750000,0.000000,bottom
"C35012","100n","C_0603_1608Metric",104.400000,-119.750000,0.000000,bottom
"C35013","22u","C_0805_2012Metric",112.000000,-119.750000,0.000000,bottom
"C35014","22u","C_0805_2012Metric",119.600000,-119.750000,0.000000,bottom
"C35015","100n","C_0603_1608Metric",127.200000,-119.750000,0.000000,bottom
"C35016","100n","C_0603_1608Metric",96.800000,-127.250000,0.000000,bottom
"C35017","100n","C_0603_1608Metric",104.400000,-127.250000,0.000000,bottom
"C35018","100n","C_0603_1608Metric",112.000000,-127.250000,0.000000,bottom
"C36003","10u","C_0805_2012Metric",176.240000,-139.119000,0.000000,bottom
"R1001","13k","R_0603_1608Metric",138.403000,-108.740300,0.000000,bottom
"R1002","100k","R_0603_1608Metric",142.213000,-108.740300,0.000000,bottom
"R1003","330R","R_0603_1608Metric",146.023000,-108.740300,0.000000,bottom
"R1004","100k","R_0603_1608Metric",138.403000,-110.700300,0.000000,bottom
"R1005","4k7","R_0603_1608Metric",142.213000,-110.700300,0.000000,bottom
"R1006","4k7","R_0603_1608Metric",146.023000,-110.700300,0.000000,bottom
"R3001","10k","R_0603_1608Metric",171.630600,-64.028300,0.000000,bottom
"R3002","1k","R_0603_1608Metric",160.200600,-65.988300,0.000000,bottom
"R4001","100k","R_0603_1608Metric",135.704400,-123.316600,0.000000,bottom
"R4002","100k","R_0603_1608Metric",139.514400,-123.316600,0.000000,bottom
"R4003","100k","R_0603_1608Metric",124.274400,-125.276600,0.000000,bottom
"R4004","100k","R_0603_1608Metric",128.084400,-125.276600,0.000000,bottom
"R4005","100k","R_0603_1608Metric",131.894400,-125.276600,0.000000,bottom
"R4006","100k","R_0603_1608Metric",135.704400,-125.276600,0.000000,bottom
"R5001","100k","R_0603_1608Metric",98.250900,-140.034400,0.000000,bottom
"R5002","100k","R_0603_1608Metric",86.820900,-141.994400,0.000000,bottom
"R5003","100k","R_0603_1608Metric",90.630900,-141.994400,0.000000,bottom
"R5004","100k","R_0603_1608Metric",94.440900,-141.994400,0.000000,bottom
"R5005","100k","R_0603_1608Metric",98.250900,-141.994400,0.000000,bottom
"R5006","100k","R_0603_1608Metric",86.820900,-143.954400,0.000000,bottom
"R5007","100k","R_0603_1608Metric",90.630900,-143.954400,0.000000,bottom
"R5008","100k","R_0603_1608Metric",94.440900,-143.954400,0.000000,bottom
"R5009","100k","R_0603_1608Metric",98.250900,-143.954400,0.000000,bottom
"R5010","100k","R_0603_1608Metric",86.820900,-145.914400,0.000000,bottom
"R5011","100k","R_0603_1608Metric",90.630900,-145.914400,0.000000,bottom
"R5012","100k","R_0603_1608Metric",94.440900,-145.914400,0.000000,bottom
"R5013","100k","R_0603_1608Metric",98.250900,-145.914400,0.000000,bottom
"R5014","100k","R_0603_1608Metric",86.760900,-147.984400,0.000000,bottom
"R5015","100k","R_0603_1608Metric",90.570900,-147.984400,0.000000,bottom
"R5016","100k","R_0603_1608Metric",95.650900,-149.254400,0.000000,bottom
"R5017","100k","R_0603_1608Metric",99.460900,-149.254400,0.000000,bottom
"R5018","100k","R_0603_1608Metric",86.760900,-149.944400,0.000000,bottom
"R5019","100k","R_0603_1608Metric",90.570900,-149.944400,0.000000,bottom
"R5020","100k","R_0603_1608Metric",95.650900,-151.214400,0.000000,bottom
"R5021","100k","R_0603_1608Metric",99.460900,-151.214400,0.000000,bottom
"R6001","13k","R_0603_1608Metric",128.766900,-162.565100,0.000000,bottom
"R6002","330R","R_0603_1608Metric",132.576900,-162.565100,0.000000,bottom
"R6003","13k","R_0603_1608Metric",136.386900,-162.565100,0.000000,bottom
"R6004","330R","R_0603_1608Metric",140.196900,-162.565100,0.000000,bottom
"R6005","6.8k","R_0603_1608Metric",144.006900,-162.565100,0.000000,bottom
"R6006","330R","R_0603_1608Metric",128.766900,-164.525100,0.000000,bottom
"R6007","13k","R_0603_1608Metric",132.576900,-164.525100,0.000000,bottom
"R6008","330R","R_0603_1608Metric",136.386900,-164.525100,0.000000,bottom
"R6009","6.8k","R_0603_1608Metric",140.196900,-164.525100,0.000000,bottom
"R6010","330R","R_0603_1608Metric",144.006900,-164.525100,0.000000,bottom
"R6011","6.8k","R_0603_1608Metric",128.766900,-166.485100,0.000000,bottom
"R6012","1k","R_0603_1608Metric",132.576900,-166.485100,0.000000,bottom
"R6013","13k","R_0603_1608Metric",136.386900,-166.485100,0.000000,bottom
"R6014","330R","R_0603_1608Metric",140.196900,-166.485100,0.000000,bottom
"R6015","13k","R_0603_1608Metric",144.006900,-166.485100,0.000000,bottom
"R6016","330R","R_0603_1608Metric",128.766900,-168.445100,0.000000,bottom
"R6017","13k","R_0603_1608Metric",132.576900,-168.445100,0.000000,bottom
"R6018","1k","R_0603_1608Metric",136.386900,-168.445100,0.000000,bottom
"R6019","6.8k","R_0603_1608Metric",140.196900,-168.445100,0.000000,bottom
"R6020","1k","R_0603_1608Metric",144.006900,-168.445100,0.000000,bottom
"R6021","10k","R_0603_1608Metric",128.766900,-170.405100,0.000000,bottom
"R7001","100k","R_0603_1608Metric",86.396400,-102.379800,0.000000,bottom
"R7002","100k","R_0603_1608Metric",71.156400,-104.339800,0.000000,bottom
"R7003","100k","R_0603_1608Metric",74.966400,-104.339800,0.000000,bottom
"R7004","4k7","R_0603_1608Metric",78.776400,-104.339800,0.000000,bottom
"R7005","4k7","R_0603_1608Metric",82.586400,-104.339800,0.000000,bottom
"R7006","10k","R_0603_1608Metric",86.396400,-104.339800,0.000000,bottom
"R7007","10k","R_0603_1608Metric",71.156400,-106.299800,0.000000,bottom
"R7008","10k","R_0603_1608Metric",74.966400,-106.299800,0.000000,bottom
"R7009","10k","R_0603_1608Metric",78.776400,-106.299800,0.000000,bottom
"R8004","4k7","R_0603_1608Metric",30.300000,-159.955100,0.000000,bottom
"R8005","4k7","R_0603_1608Metric",34.110000,-159.955100,0.000000,bottom
"R9001","4k7","R_0603_1608Metric",102.392200,-115.638200,0.000000,bottom
"R9002","4k7","R_0603_1608Metric",106.282200,-116.950200,0.000000,bottom
"R9003","100R","R_0603_1608Metric",110.092200,-116.950200,0.000000,bottom
"R9004","10k","R_0603_1608Metric",113.902200,-116.950200,0.000000,bottom
"R9005","10k","R_0603_1608Metric",117.712200,-116.950200,0.000000,bottom
"R9006","10k","R_0603_1608Metric",121.522200,-116.950200,0.000000,bottom
"R12001","1k","R_0603_1608Metric",78.230000,-169.210000,0.000000,bottom
"R12002","27k","R_0603_1608Metric",82.040000,-169.210000,0.000000,bottom
"R12003","10k","R_0603_1608Metric",85.850000,-169.210000,0.000000,bottom
"R12004","15k","R_0603_1608Metric",74.420000,-171.170000,0.000000,bottom
"R15002","4k7","R_0603_1608Metric",39.190000,-127.275000,0.000000,bottom
"R15003","4k7","R_0603_1608Metric",43.000000,-127.275000,0.000000,bottom
"R15005","100k","R_0603_1608Metric",46.810000,-127.275000,0.000000,bottom
"R15006","10k","R_0603_1608Metric",30.300000,-129.735000,0.000000,bottom
"R15007","22R","R_0603_1608Metric",34.110000,-129.735000,0.000000,bottom
"R16001","100k","R_0603_1608Metric",79.500000,-53.156100,0.000000,bottom
"R16002","100k","R_0603_1608Metric",83.310000,-53.156100,0.000000,bottom
"R16003","100k","R_0603_1608Metric",87.120000,-53.156100,0.000000,bottom
"R16004","100k","R_0603_1608Metric",90.930000,-53.156100,0.000000,bottom
"R16005","100k","R_0603_1608Metric",79.500000,-55.116100,0.000000,bottom
"R16006","10k","R_0603_1608Metric",83.310000,-55.116100,0.000000,bottom
"R17006","100k","R_0603_1608Metric",98.550000,-46.076400,0.000000,bottom
"R19002","100k","R_0603_1608Metric",159.510000,-171.750000,0.000000,bottom
"R20003","1k","R_0603_1608Metric",157.075000,-143.255000,-90.000000,bottom
"R20006","330R","R_0603_1608Metric",157.075000,-147.065000,-90.000000,bottom
"R20007","1k","R_0603_1608Metric",157.075000,-150.875000,-90.000000,bottom
"R20008","100k","R_0603_1608Metric",157.075000,-154.685000,-90.000000,bottom
"R20009","330R","R_0603_1608Metric",157.075000,-158.495000,-90.000000,bottom
"R21001","10k","R_0603_1608Metric",122.680000,-71.990500,0.000000,bottom
"R22016","1k","R_0603_1608Metric",145.540000,-126.155000,0.000000,bottom
"R23001","330R","R_0603_1608Metric",48.200000,-66.050000,0.000000,bottom
"R23002","330R","R_0603_1608Metric",52.010000,-66.050000,0.000000,bottom
"R27001","1k","R_0603_1608Metric",174.220000,-55.505100,90.000000,bottom
"R27002","22k1","R_0603_1608Metric",174.220000,-51.695100,90.000000,bottom
"R27003","47k5","R_0603_1608Metric",176.180000,-55.505100,90.000000,bottom
"R28001","10k","R_0603_1608Metric",64.093000,-56.215100,90.000000,bottom
"R28002","10k","R_0603_1608Metric",64.093000,-52.405100,90.000000,bottom
"R28003","10k","R_0603_1608Metric",64.093000,-48.595100,90.000000,bottom
"R28004","100k","R_0603_1608Metric",64.093000,-44.785100,90.000000,bottom
"R29001","5.1k","R_0603_1608Metric",158.240000,-41.762100,0.000000,bottom
"R29002","5.1k","R_0603_1608Metric",153.160000,-44.222100,0.000000,bottom
"R31001","5.1k","R_0603_1608Metric",172.210000,-41.762100,0.000000,bottom
"R31002","5.1k","R_0603_1608Metric",167.130000,-44.222100,0.000000,bottom
"R32001","56k","R_0603_1608Metric",126.490000,-46.318200,0.000000,bottom
"R32002","56k","R_0603_1608Metric",130.300000,-46.318200,0.000000,bottom
"R32003","100k","R_0603_1608Metric",134.110000,-46.318200,0.000000,bottom
"R32004","1k","R_0603_1608Metric",137.920000,-46.318200,0.000000,bottom
"R32005","100k","R_0603_1608Metric",141.730000,-46.318200,0.000000,bottom
"R33001","1k","R_0603_1608Metric",121.974300,-127.698000,0.000000,bottom
"R33002","200R","R_0603_1608Metric",125.784300,-127.698000,0.000000,bottom
"R33003","200R","R_0603_1608Metric",129.594300,-127.698000,0.000000,bottom
"R33004","200R","R_0603_1608Metric",133.404300,-127.698000,0.000000,bottom
"R33005","10k","R_0603_1608Metric",137.214300,-127.698000,0.000000,bottom
"R33006","10k","R_0603_1608Metric",118.164300,-129.658000,0.000000,bottom
"R33007","10k","R_0603_1608Metric",121.974300,-129.658000,0.000000,bottom
"R33008","10k","R_0603_1608Metric",125.784300,-129.658000,0.000000,bottom
"R36001","10k","R_0603_1608Metric",181.100000,-138.869000,0.000000,bottom
"BT3001","KH-CR1220-2","KH-CR1220-2",191.740000,-33.195000,0.000000,top
"C8001","100n","C_0603_1608Metric",34.270100,-150.874800,0.000000,top
"C8002","10u","C_0805_2012Metric",33.770100,-153.874800,90.000000,top
"C10001","1n","C_1206_3216Metric",73.755000,-79.637600,180.000000,top
"C10002","1n","C_1206_3216Metric",68.785000,-85.137600,-90.000000,top
"C10003","1n","C_1206_3216Metric",61.815000,-85.137600,-90.000000,top
"C10004","1n","C_1206_3216Metric",56.844900,-85.137600,-90.000000,top
"C10005","1n","C_1206_3216Metric",55.810000,-78.137600,-90.000000,top
"C11001","10u","C_0805_2012Metric",135.610000,-89.570000,180.000000,top
"C11002","100n","C_0603_1608Metric",131.610000,-91.570000,180.000000,top
"C11003","1u","C_0603_1608Metric",86.730000,-76.860000,90.000000,top
"C11004","10u","C_0805_2012Metric",83.630000,-78.360000,180.000000,top
"C11005","100n","C_0603_1608Metric",131.610000,-82.570000,180.000000,top
"C13001","100n","C_0603_1608Metric",110.435000,-143.745000,0.000000,top
"C13002","1u","C_0603_1608Metric",110.435000,-147.745000,0.000000,top
"C14001","100n","C_0603_1608Metric",50.934700,-181.295200,0.000000,top
"C14002","100n","C_0603_1608Metric",41.434800,-171.250000,90.000000,top
"C14003","100n","C_0603_1608Metric",38.785100,-181.295200,0.000000,top
"C14004","1u","C_0603_1608Metric",38.785100,-179.295200,0.000000,top
"C15001","10u","C_0805_2012Metric",32.750000,-93.015000,0.000000,top
"C15002","2.2u","C_0805_2012Metric",49.100000,-88.565000,90.000000,top
"C15005","1u","C_0603_1608Metric",29.250000,-89.515000,90.000000,top
"C16001","100n","C_0603_1608Metric",90.384400,-48.696100,90.000000,top
"C16002","100n","C_0603_1608Metric",85.595400,-44.886500,0.000000,top
"C16003","22u","C_0805_2012Metric",86.190100,-41.622200,90.000000,top
"C16004","100n","C_0603_1608Metric",79.770000,-42.171100,0.000000,top
"C17001","100n","C_0603_1608Metric",98.870000,-41.616400,90.000000,top
"C17002","10u","C_1210_3225Metric",98.870000,-29.870000,0.000000,top
"C17003","47n","C_0603_1608Metric",104.570200,-41.616400,90.000000,top
"C18001","100n","C_0603_1608Metric",110.745000,-187.595000,0.000000,top
"C18002","10u","C_0805_2012Metric",113.745000,-186.595000,90.000000,top
"C18003","100n","C_0603_1608Metric",132.705000,-187.595000,0.000000,top
"C18004","10u","C_0805_2012Metric",135.705000,-186.595000,90.000000,top
"C19001","100n","C_0603_1608Metric",153.925000,-183.744000,0.000000,top
"C19003","100n","C_0603_1608Metric",153.925000,-190.051400,0.000000,top
"C19004","100n","C_0603_1608Metric",163.285000,-187.914000,0.000000,top
"C19005","10u","C_0805_2012Metric",166.285000,-186.914000,90.000000,top
"C20001","100n","C_0603_1608Metric",172.845200,-155.810000,90.000000,top
"C20002","10u","C_1206_3216Metric",176.575200,-155.810000,180.000000,top
"C20003","10u","C_1206_3216Metric",162.355000,-155.810000,180.000000,top
"C20004","100n","C_0603_1608Metric",165.365200,-158.905000,180.000000,top
"C20005","22u","C_0805_2012Metric",165.565100,-142.250000,180.000000,top
"C20006","22u","C_0805_2012Metric",169.465100,-142.250000,180.000000,top
"C20007","100n","C_0603_1608Metric",198.465400,-155.810000,90.000000,top
"C20008","22u","C_0805_2012Metric",201.595400,-155.810000,180.000000,top
"C20009","100n","C_0603_1608Metric",190.985400,-158.905000,180.000000,top
"C20010","22u","C_0805_2012Metric",193.135300,-142.250000,180.000000,top
"C20011","22u","C_0805_2012Metric",197.035300,-142.250000,180.000000,top
"C20012","1u","C_0603_1608Metric",204.545400,-163.379900,90.000000,top
"C20013","1u","C_0603_1608Metric",204.545400,-155.179900,90.000000,top
"C20023","22p","C_0603_1608Metric",194.610300,-163.379900,90.000000,top
"C20024","1u","C_0603_1608Metric",166.940100,-161.879900,90.000000,top
"C20025","100n","C_0603_1608Metric",166.085000,-155.810000,90.000000,top
"C20026","22u","C_0805_2012Metric",173.365100,-142.250000,180.000000,top
"C20027","22p","C_0603_1608Metric",168.990100,-163.379900,90.000000,top
"C20028","1u","C_0603_1608Metric",164.015000,-160.879900,180.000000,top
"C20029","100n","C_0603_1608Metric",191.705200,-155.810000,90.000000,top
"C20030","22u","C_0805_2012Metric",188.575200,-155.810000,180.000000,top
"C20031","1u","C_0603_1608Metric",192.560300,-161.879900,90.000000,top
"C20032","1u","C_0603_1608Metric",189.635200,-160.879900,180.000000,top
"C21001","100n","C_0603_1608Metric",119.952600,-65.284600,90.000000,top
"C21002","100n","C_0603_1608Metric",132.470600,-62.477100,90.000000,top
"C22014","100n","C_0603_1608Metric",158.095000,-110.384800,180.000000,top
"C22015","10u","C_1206_3216Metric",158.095000,-106.654800,-90.000000,top
"C22016","10u","C_1206_3216Metric",158.095000,-120.875000,-90.000000,top
"C22017","100n","C_0603_1608Metric",161.190000,-117.864800,-90.000000,top
"C22018","22u","C_0805_2012Metric",144.535000,-115.714900,-90.000000,top
"C22019","22u","C_0805_2012Metric",144.535000,-111.814900,-90.000000,top
"C22020","100n","C_0603_1608Metric",160.940100,-105.665000,-90.000000,top
"C22021","22p","C_0603_1608Metric",165.664900,-114.239900,180.000000,top
"C22022","1u","C_0603_1608Metric",164.164900,-116.289900,180.000000,top
"C22023","1u","C_0603_1608Metric",163.164900,-119.215000,-90.000000,top
"C22025","100n","C_0603_1608Metric",158.095000,-117.145000,180.000000,top
"C27001","100n","C_0603_1608Metric",169.760000,-53.260000,180.000000,top
"C27002","10u","C_0805_2012Metric",169.260000,-50.260000,90.000000,top
"C27003","100n","C_0603_1608Metric",166.010000,-56.010100,90.000000,top
"C27004","100n","C_0603_1608Metric",164.010100,-56.010100,90.000000,top
"C28001","1u","C_0603_1608Metric",50.820000,-56.720100,90.000000,top
"C28002","10u","C_0805_2012Metric",47.720000,-56.220100,180.000000,top
"C28003","100n","C_0603_1608Metric",47.220000,-53.220100,90.000000,top
"C28004","100n","C_0603_1608Metric",51.500000,-43.434900,180.000000,top
"C28005","16p","C_0603_1608Metric",47.500000,-47.010100,180.000000,top
"C28006","16p","C_0603_1608Metric",54.500000,-48.510100,180.000000,top
"C28007","100n","C_0603_1608Metric",55.277000,-30.525000,180.000000,top
"C30001","100n","C_0603_1608Metric",109.640000,-56.785000,180.000000,top
"C30002","10u","C_0805_2012Metric",113.140000,-53.785000,90.000000,top
"C30003","100n","C_0603_1608Metric",106.152500,-56.935000,180.000000,top
"C30004","200p","C_0603_1608Metric",109.665000,-50.560000,180.000000,top
"C30005","200p","C_0603_1608Metric",105.665000,-54.285000,180.000000,top
"C32001","100n","C_0603_1608Metric",125.235000,-33.170000,90.000000,top
"C32002","22u","C_0805_2012Metric",139.069900,-35.918200,90.000000,top
"C32003","100u","RVT1C101M0605_100UF_16V",144.069900,-38.918200,90.000000,top
"C36001","100n","C_0603_1608Metric",174.765000,-124.819000,90.000000,top
"C36002","100n","C_0603_1608Metric",187.270100,-124.069000,0.000000,top
"C37001","100n","C_0603_1608Metric",206.605000,-72.973500,0.000000,top
"C37002","100n","C_0603_1608Metric",201.629900,-63.005000,0.000000,top
"C37003","10u","C_0805_2012Metric",197.605000,-69.473500,90.000000,top
"C37004","470uF/35V","CP_Elec_10x10.5",205.105000,-114.967400,90.000000,top
"D1001","red","LED_0603_1608Metric",177.290000,-107.904000,0.000000,top
"D6001","red","LED_0603_1608Metric",131.570000,-173.976000,0.000000,top
"D6002","red","LED_0603_1608Metric",135.380000,-173.976000,0.000000,top
"D6003","red","LED_0603_1608Metric",139.190000,-173.976000,0.000000,top
"D6004","red","LED_0603_1608Metric",143.000000,-173.976000,0.000000,top
"D6005","red","LED_0603_1608Metric",146.810000,-173.976000,0.000000,top
"D6006","red","LED_0603_1608Metric",131.570000,-175.936000,0.000000,top
"D6007","red","LED_0603_1608Metric",135.380000,-175.936000,0.000000,top
"D6008","red","LED_0603_1608Metric",139.190000,-175.936000,0.000000,top
"D6009","red","LED_0603_1608Metric",143.000000,-175.936000,0.000000,top
"D6010","red","LED_0603_1608Metric",146.810000,-175.936000,0.000000,top
"D15001","SS34","D_SMA",44.100000,-88.565000,0.000000,top
"D17001","SMBJ22A","D_SMB",112.250200,-39.418200,90.000000,top
"D19001","red","LED_0603_1608Metric",184.635000,-185.744000,0.000000,top
"D20001","red","LED_0603_1608Metric",153.175000,-143.255000,-90.000000,top
"D20002","red","LED_0603_1608Metric",153.175000,-147.065000,-90.000000,top
"D20003","red","LED_0603_1608Metric",153.175000,-150.875000,-90.000000,top
"D22004","red","LED_0603_1608Metric",149.350000,-126.155000,0.000000,top
"D22005","MMSZ5231B","D_SOD-123",153.940100,-107.665000,180.000000,top
"D33001","red","LED_0603_1608Metric",150.620000,-139.710000,0.000000,top
"D33002","green","LED_0603_1608Metric",150.620000,-141.670000,0.000000,top
"D33003","blue","LED_0603_1608Metric",150.620000,-143.630000,0.000000,top
"D33004","white","LED_0603_1608Metric",150.620000,-145.590000,0.000000,top
"D36001","SRV05-4","SOT-23-6",198.090100,-125.039000,0.000000,top
"D36002","SRV05-4","SOT-23-6",208.250100,-125.039000,0.000000,top
"D37001","SMBJ28A","SMBJ28A",207.705000,-68.373600,90.000000,top
"FID1","Fiducial","Fiducial_1mm_Mask2mm",34.000000,-34.000000,0.000000,top
"FID2","Fiducial","Fiducial_1mm_Mask2mm",206.000000,-34.000000,0.000000,top
"FID3","Fiducial","Fiducial_1mm_Mask2mm",34.000000,-186.000000,0.000000,top
"FID4","Fiducial","Fiducial_1mm_Mask2mm",89.000000,-97.000000,0.000000,top
"FID5","Fiducial","Fiducial_1mm_Mask2mm",135.000000,-135.000000,0.000000,top
"J2001","ZX-SH1.0-4PWT","ZX-SH1.0-4PWT",211.650000,-55.569900,90.000000,top
"J8001","SFW15R-1STE1LF","SFW15R-1STE1LF",28.550100,-144.375100,-90.000000,top
"J9001","878311420","878311420",118.095000,-167.014000,0.000000,top
"J9002","HX_JN1.27-2x5","HX_JN1.27-2x5_TP_H4.9",116.120000,-157.620000,0.000000,top
"J11001","Header_2x20_2.54mm","PinHeader_2x20_P2.54mm_Vertical",131.610000,-85.800000,-90.000000,top
"J12001","HDMI-019S","HDMI-019S",80.689900,-189.833700,0.000000,top
"J14001","HDMI-019S","HDMI-019S",43.859900,-189.833700,0.000000,top
"J15001","AFC07-S40FCA-00","AFC07-S40FCA-00",28.492800,-109.295000,-90.000000,top
"J16001","TF-01A","TF-01A",86.130000,-31.676100,180.000000,top
"J17001","TYPE-C-31-M-12","TYPE-C-31-M-12",115.750400,-28.774100,180.000000,top
"J18001","DS1024-2x6R2","DS1024-2x6R2",118.745000,-192.441000,0.000000,top
"J18002","DS1024-2x6R2","DS1024-2x6R2",140.705000,-192.441000,0.000000,top
"J19001","DS1024-2x6R2","DS1024-2x6R2",171.285000,-192.441000,0.000000,top
"J23001","KH-5224-8P8C-D","KH-5224-8P8C-D",32.795000,-74.470000,-90.000000,top
"J24001","DF40C-100DP-0.4V(51)","DF40C-100DP-0.4V_51",107.950000,-99.060000,0.000000,top
"J25002","DF40C-100DP-0.4V(51)","DF40C-100DP-0.4V_51",107.950000,-133.350000,0.000000,top
"J26003","DF40C-100DP-0.4V(51)","DF40C-100DP-0.4V_51",90.170000,-115.570000,90.000000,top
"J29001","TYPE-C-31-M-12","TYPE-C-31-M-12",156.355100,-28.774100,180.000000,top
"J31001","TYPE-C-31-M-12","TYPE-C-31-M-12",170.325100,-28.774100,180.000000,top
"J32002","TYPE-C-31-M-12","TYPE-C-31-M-12",142.070100,-28.774100,180.000000,top
"J36001","HX PZ2.54-3x8P ZZ","HX_PZ2.54-3x8P_ZZ",203.170100,-132.079000,0.000000,top
"J37002","XT60PW-M","XT60PW-M",209.700000,-81.973500,0.000000,top
"J37003","XT60PW-M","XT60PW-M",209.700000,-99.967500,0.000000,top
"L15001","10uH","SWPA4030S100MT",37.600000,-88.565000,0.000000,top
"L20001","10uH","SWPA8040S100MT",169.465100,-149.030000,90.000000,top
"L20002","10uH","SWPA8040S100MT",195.085300,-149.030000,90.000000,top
"L22003","10uH","SWPA8040S100MT",151.315000,-113.764900,180.000000,top
"Q20001","AO3400A","SOT-23",156.105000,-143.705000,-90.000000,top
"R8001","100R","R_0603_1608Metric",41.670100,-138.375000,90.000000,top
"R8002","100R","R_0603_1608Metric",41.670100,-141.875000,90.000000,top
"R8003","100R","R_0603_1608Metric",41.670100,-134.875000,90.000000,top
"R10001","75R","R_0603_1608Metric",71.255000,-84.137600,-90.000000,top
"R10002","75R","R_0603_1608Metric",66.285000,-84.137600,-90.000000,top
"R10003","75R","R_0603_1608Metric",64.315000,-84.137600,-90.000000,top
"R10004","75R","R_0603_1608Metric",59.344900,-84.137600,-90.000000,top
"R13001","49.9R","R_0603_1608Metric",111.935000,-145.745000,0.000000,top
"R13002","49.9R","R_0603_1608Metric",108.435000,-145.745000,0.000000,top
"R13003","49.9R","R_0603_1608Metric",113.935000,-143.745000,0.000000,top
"R13004","49.9R","R_0603_1608Metric",113.935000,-147.745000,0.000000,top
"R13005","49.9R","R_0603_1608Metric",115.435000,-145.745000,0.000000,top
"R13006","49.9R","R_0603_1608Metric",106.935000,-143.745000,0.000000,top
"R13007","49.9R","R_0603_1608Metric",106.935000,-147.745000,0.000000,top
"R13008","49.9R","R_0603_1608Metric",110.435000,-141.745000,0.000000,top
"R14001","10k","R_0603_1608Metric",43.859900,-171.272600,90.000000,top
"R14002","10k","R_0603_1608Metric",45.859900,-171.272600,90.000000,top
"R15001","1.5R","R_0603_1608Metric",32.950000,-86.615000,90.000000,top
"R15004","100k","R_0603_1608Metric",29.750000,-86.615000,0.000000,top
"R17003","100k","R_0603_1608Metric",102.270200,-41.616400,90.000000,top
"R17004","5.49k","R_0603_1608Metric",106.770200,-36.616400,90.000000,top
"R17005","5.1k","R_0603_1608Metric",104.570200,-29.870000,90.000000,top
"R18001","200R","R_0603_1608Metric",115.245000,-180.595000,90.000000,top
"R18002","200R","R_0603_1608Metric",117.245000,-180.595000,90.000000,top
"R18003","200R","R_0603_1608Metric",113.245000,-183.595000,0.000000,top
"R18004","200R","R_0603_1608Metric",120.245000,-186.595000,0.000000,top
"R18005","200R","R_0603_1608Metric",122.245000,-180.595000,90.000000,top
"R18006","200R","R_0603_1608Metric",124.245000,-180.595000,90.000000,top
"R18007","200R","R_0603_1608Metric",120.245000,-184.095000,0.000000,top
"R18008","200R","R_0603_1608Metric",127.245000,-186.595000,0.000000,top
"R18009","200R","R_0603_1608Metric",137.205000,-180.595000,90.000000,top
"R18010","200R","R_0603_1608Metric",139.205000,-180.595000,90.000000,top
"R18011","200R","R_0603_1608Metric",135.205000,-183.595000,0.000000,top
"R18012","200R","R_0603_1608Metric",142.205000,-186.595000,0.000000,top
"R18013","200R","R_0603_1608Metric",144.205000,-180.595000,90.000000,top
"R18014","200R","R_0603_1608Metric",146.205000,-180.595000,90.000000,top
"R18015","200R","R_0603_1608Metric",142.205000,-184.095000,0.000000,top
"R18016","200R","R_0603_1608Metric",149.205000,-186.595000,0.000000,top
"R19001","13k","R_0603_1608Metric",157.825000,-190.051400,0.000000,top
"R19003","330R","R_0603_1608Metric",183.135000,-183.744000,0.000000,top
"R20001","40.2k","R_0603_1608Metric",173.990100,-158.879900,180.000000,top
"R20002","10k","R_0603_1608Metric",172.990100,-161.879900,90.000000,top
"R20004","23.2k","R_0603_1608Metric",199.610300,-158.879900,180.000000,top
"R20005","10k","R_0603_1608Metric",198.610300,-161.879900,90.000000,top
"R20010","22k","R_0603_1608Metric",170.065000,-160.655000,180.000000,top
"R20011","10R","R_0603_1608Metric",164.015000,-162.879900,180.000000,top
"R20012","1k","R_0603_1608Metric",170.990100,-163.379900,90.000000,top
"R20013","10R","R_0603_1608Metric",189.635200,-162.879900,180.000000,top
"R20014","22k","R_0603_1608Metric",195.685200,-160.655000,180.000000,top
"R20015","1k","R_0603_1608Metric",196.610300,-163.379900,90.000000,top
"R22012","10k","R_0603_1608Metric",163.940100,-108.165000,180.000000,top
"R22014","47.5k","R_0603_1608Metric",161.164900,-109.239900,-90.000000,top
"R22015","13k","R_0603_1608Metric",164.164900,-110.239900,180.000000,top
"R22017","10R","R_0603_1608Metric",165.164900,-119.215000,-90.000000,top
"R22018","22k","R_0603_1608Metric",162.940000,-113.165000,-90.000000,top
"R22019","1k","R_0603_1608Metric",165.664900,-112.239900,180.000000,top
"R36002","13k","R_0603_1608Metric",188.670100,-130.376400,0.000000,top
"R37001","10k","R_0603_1608Metric",197.105000,-66.473500,0.000000,top
"RN36001","4D03WGJ0330T5E","4D03WGJ0330T5E",177.690100,-124.690000,0.000000,top
"RN36002","4D03WGJ0330T5E","4D03WGJ0330T5E",181.690100,-124.690000,0.000000,top
"RS21001","10mR","RLM12FTCMR010",128.389600,-65.159500,90.000000,top
"RS21002","10mR","RLM12FTCMR010",121.421200,-60.841000,0.000000,top
"RS21003","10mR","RLM12FTCMR010",117.952600,-68.159500,0.000000,top
"RS21004","20mR","RLM12FTCMR020",140.907600,-62.352000,90.000000,top
"RS37001","10mR","RLM12FTCMR010",202.105000,-71.473500,0.000000,top
"SW1001","DSHP04TSGER","DSHP04TSGER",173.990000,-97.790000,0.000000,top
"SW7001","DSHP04TSGER","DSHP04TSGER",62.230000,-142.240000,0.000000,top
"SW7002","DSHP08TSGER","DSHP08TSGER",66.110000,-122.415000,0.000000,top
"SW7003","TS-1187A-B-A-B","TS-1187A-B-A-B",64.490000,-102.590000,0.000000,top
"SW7004","TS-1187A-B-A-B","TS-1187A-B-A-B",73.490000,-102.590000,0.000000,top
"SW7005","TS-1187A-B-A-B","TS-1187A-B-A-B",64.490000,-111.590000,0.000000,top
"SW7006","DSHP04TSGER","DSHP04TSGER",71.200000,-141.746000,0.000000,top
"SW9001","DIP-4","DSHP04TSGER",104.140000,-157.480000,0.000000,top
"SW9002","RESET","TS-1187A-B-A-B",104.380000,-166.414000,0.000000,top
"SW19001","DSHP04TSGER","DSHP04TSGER",156.290000,-175.592000,0.000000,top
"SW28001","DSHP04TSGER","DSHP04TSGER",67.935000,-54.355100,90.000000,top
"SW33001","USER","TS-1187A-B-A-B",134.340000,-143.230000,0.000000,top
"SW33002","USER","TS-1187A-B-A-B",143.340000,-143.230000,0.000000,top
"SW33003","USER","TS-1187A-B-A-B",134.340000,-152.230000,0.000000,top
"SW33004","USER","TS-1187A-B-A-B",143.340000,-152.230000,0.000000,top
"T10001","HX5008NLT","HX5008NLT",64.310000,-72.310000,180.000000,top
"U1001","SY6280AAC","SY6280AAC",180.340000,-96.520000,0.000000,top
"U1002","PCA9306DCUR","PCA9306DCUR",172.430000,-108.174000,0.000000,top
"U2001","USBLC6-2SC6","USBLC6-2SC6",203.915100,-55.069900,90.000000,top
"U3001","24AA025E48T-I/OT","24AA025E48T-I_OT",186.600000,-46.310000,0.000000,top
"U3002","RV-3028-C7-32.768kHz-1ppm-TA-QC","RV-3028-C7-32.768kHz-1ppm-TA-QC",191.382000,-45.918000,0.000000,top
"U3003","TPS3823-33DBVR","TPS3823-33DBVR",182.340000,-46.601000,0.000000,top
"U4001","SN74LVC1G08","SOT-23-5",142.300000,-131.790000,0.000000,top
"U4002","SN74LVC1G08","SOT-23-5",147.380000,-131.790000,0.000000,top
"U4003","SN74LVC1G08","SOT-23-5",152.460000,-131.790000,0.000000,top
"U5001","SN74LVC1G08","SOT-23-5",83.820000,-140.970000,0.000000,top
"U5002","SN74LVC1G08","SOT-23-5",88.960000,-141.950000,0.000000,top
"U5003","SN74LVC1G08","SOT-23-5",94.040000,-141.950000,0.000000,top
"U5004","SN74LVC1G08","SOT-23-5",83.880000,-145.850000,0.000000,top
"U5005","SN74LVC1G08","SOT-23-5",88.960000,-145.850000,0.000000,top
"U5006","SN74LVC1G08","SOT-23-5",94.040000,-145.850000,0.000000,top
"U5007","SN74LVC1G08","SOT-23-5",83.880000,-149.750000,0.000000,top
"U5008","SN74LVC1G08","SOT-23-5",88.900000,-149.860000,0.000000,top
"U5009","SN74LVC1G08","SOT-23-5",95.250000,-151.130000,0.000000,top
"U5010","SN74LVC1G08","SOT-23-5",83.880000,-153.650000,0.000000,top
"U5011","SN74LVC1G08","SOT-23-5",90.170000,-156.210000,0.000000,top
"U6001","SY6280AAC","SY6280AAC",131.540000,-161.041000,0.000000,top
"U6002","SY6280AAC","SY6280AAC",135.350000,-161.041000,0.000000,top
"U6003","SY6280AAC","SY6280AAC",139.160000,-161.041000,0.000000,top
"U6004","SY6280AAC","SY6280AAC",142.970000,-161.041000,0.000000,top
"U6005","SY6280AAC","SY6280AAC",146.780000,-161.041000,0.000000,top
"U6006","SY6280AAC","SY6280AAC",131.540000,-165.014000,0.000000,top
"U6007","SY6280AAC","SY6280AAC",135.350000,-165.014000,0.000000,top
"U6008","SY6280AAC","SY6280AAC",139.160000,-165.014000,0.000000,top
"U6009","SY6280AAC","SY6280AAC",142.970000,-165.014000,0.000000,top
"U6010","SY6280AAC","SY6280AAC",146.780000,-165.014000,0.000000,top
"U7001","TCA9535PWR","TCA9535PWR",64.140000,-158.862000,0.000000,top
"U8001","TPD4E02B04DQAR","TPD4E02B04DQAR",35.170100,-140.375000,-90.000000,top
"U8002","TPD4E02B04DQAR","TPD4E02B04DQAR",35.170100,-148.375000,-90.000000,top
"U11001","TLV75725PDYDR","TLV75725PDYDR",83.430000,-75.410000,90.000000,top
"U12001","M24C02-WMN6TP","M24C02-WMN6TP",75.390000,-172.073000,0.000000,top
"U12002","TPD4E02B04DQAR","TPD4E02B04DQAR",83.689900,-180.266000,180.000000,top
"U12003","TPD4E02B04DQAR","TPD4E02B04DQAR",80.189900,-180.266000,0.000000,top
"U12004","TPD4E05U06DQAR","TPD4E05U06DQAR",77.189900,-179.766000,90.000000,top
"U14001","TPD12S016PWR","TPD12S016PWR",44.859900,-177.272600,180.000000,top
"U15001","SY7201ABC","SY7201ABC",32.600000,-90.065000,0.000000,top
"U15002","USBLC6-2SC6","USBLC6-2SC6",36.637800,-117.295000,-90.000000,top
"U16001","TXS02612RTWR","TXS02612RTWR",90.130000,-44.171100,90.000000,top
"U16002","TPD6E001RSER","TPD6E001RSER",83.130000,-42.671100,0.000000,top
"U17001","TPS26631PWPR","TPS26631PWPR",102.145100,-35.743200,0.000000,top
"U17002","USBLC6-2SC6","USBLC6-2SC6",116.750400,-37.319100,-90.000000,top
"U18001","TPD4E1U06","TPD4E1U06DBVR",116.745000,-184.595000,-90.000000,top
"U18002","TPD4E1U06","TPD4E1U06DBVR",123.745000,-184.595000,-90.000000,top
"U18003","TPD4E1U06","TPD4E1U06DBVR",138.705000,-184.595000,-90.000000,top
"U18004","TPD4E1U06","TPD4E1U06DBVR",145.705000,-184.595000,-90.000000,top
"U19001","SY6280AAC","SY6280AAC",155.375000,-186.897700,0.000000,top
"U19002","TPD4E1U06","TPD4E1U06DBVR",169.785000,-185.414000,180.000000,top
"U19003","TPD4E1U06","TPD4E1U06DBVR",173.785000,-184.914000,-90.000000,top
"U20001","LM61460AANRJRR","LM61460AANRJRR",169.465100,-157.055000,90.000000,top
"U20002","LM61460AANRJRR","LM61460AANRJRR",195.085300,-157.055000,90.000000,top
"U20003","AP2112K-1.8","SOT-23-5",205.495400,-159.279900,90.000000,top
"U21001","INA3221AIRGVR","INA3221AIRGVR",123.921100,-65.309500,0.000000,top
"U21002","INA3221AIRGVR","INA3221AIRGVR",136.439100,-62.502000,0.000000,top
"U22004","LM61460AANRJRR","LM61460AANRJRR",159.340000,-113.764900,180.000000,top
"U27001","CP2102N-A02","CP2102N-A02-GQFN24R",165.259900,-51.510200,90.000000,top
"U28001","CH347T","CH347T",57.371000,-43.910000,90.000000,top
"U28002","SN74LVC125ADR","SN74LVC125ADR",49.658000,-33.835000,-90.000000,top
"U28004","AP2112K-3.3TRG1","AP2112K-3.3TRG1",50.520000,-53.270400,90.000000,top
"U29001","USBLC6-2SC6","USBLC6-2SC6",154.855100,-37.319100,90.000000,top
"U30001","FUSB302BMPX","WQFN-14-1EP_2.5x2.5mm_P0.5mm_EP1.45x1.45mm",109.652500,-53.672500,90.000000,top
"U31001","USBLC6-2SC6","USBLC6-2SC6",168.825100,-37.319100,90.000000,top
"U32001","TPS2051CDBVR","TPS2051CDBVR",127.035100,-29.720000,0.000000,top
"U32002","USBLC6-2SC6","USBLC6-2SC6",133.070100,-32.819100,90.000000,top
"U36001","SN74HCT245PWR","SN74HCT245PWR",178.190100,-130.690000,0.000000,top
"U36003","SY6280AAC","SY6280AAC",188.720100,-127.222700,0.000000,top
"U37002","INA3221AIRGVR","INA3221AIRGVR",201.605000,-66.973500,-90.000000,top
"Y28001","8MHz","1C208000BC0R",51.000000,-46.510100,-90.000000,top
